{"triple_list_gold": [{"subject": "察雅巴贡", "relation": "出露于", "object": "巴贡组"}, {"subject": "含煤砂页岩", "relation": "岩性", "object": "巴贡组"}, {"subject": "侏罗纪", "relation": "所属年代", "object": "巴贡组"}], "triple_list_pred": [{"subject": "察雅巴贡", "relation": "出露于", "object": "巴贡组"}, {"subject": "[PAD][PAD][PAD][PAD][PAD][PAD][PAD][PAD][PAD][PAD][PAD][PAD][PAD][PAD][PAD][PAD][PAD][PAD][PAD][PAD][PAD][PAD][PAD][PAD][PAD]", "relation": "所属年代", "object": "巴贡组"}, {"subject": "含煤砂页岩", "relation": "岩性", "object": "巴贡组"}, {"subject": "侏罗纪", "relation": "所属年代", "object": "巴贡组"}], "new": [{"subject": "[PAD][PAD][PAD][PAD][PAD][PAD][PAD][PAD][PAD][PAD][PAD][PAD][PAD][PAD][PAD][PAD][PAD][PAD][PAD][PAD][PAD][PAD][PAD][PAD][PAD]", "relation": "所属年代", "object": "巴贡组"}], "lack": []}
