{"triple_list_gold": [{"subject": "平行层理", "relation": "发育", "object": "茅山组"}, {"subject": "纹层", "relation": "发育", "object": "茅山组"}, {"subject": "交错层理", "relation": "发育", "object": "茅山组"}, {"subject": "斜层理构造", "relation": "发育", "object": "茅山组"}, {"subject": "水平层理", "relation": "发育", "object": "茅山组"}], "triple_list_pred": [{"subject": "平行层理", "relation": "发育", "object": "茅山组"}, {"subject": "纹层", "relation": "发育", "object": "茅山组"}, {"subject": "交错层理", "relation": "发育", "object": "茅山组"}, {"subject": "水平层理", "relation": "发育", "object": "茅山组"}, {"subject": "斜层理", "relation": "发育", "object": "茅山组"}], "new": [{"subject": "斜层理", "relation": "发育", "object": "茅山组"}], "lack": [{"subject": "斜层理构造", "relation": "发育", "object": "茅山组"}]}
