{"triple_list_gold": [{"subject": "30m", "relation": "厚度", "object": "浅黄色薄层状千枚状含细砂质泥岩"}], "triple_list_pred": [{"subject": "30m", "relation": "厚度", "object": "浅黄色薄层状千枚状含细砂质泥岩"}], "new": [], "lack": []}
结构", "relation": "分布形态", "object": "蚀变杏仁状玄武岩"}, {"subject": "[PAD][PAD][PAD][PAD][PAD][PAD][PAD][PAD][PAD][PAD]", "relation": "发育", "object": "[PAD][PAD][PAD]"}, {"subject": "[PAD][PAD][PAD][PAD][PAD][PAD][PAD][PAD][PAD][PAD]", "relation": "发育", "object": "蚀变杏仁状玄武岩"}, {"subject": "[PAD][PAD][PAD][PAD][PAD][PAD][PAD][PAD][PAD][PAD][PAD][PAD][PAD][PAD][PAD]", "relation": "发育", "object": "蚀变杏仁状玄武岩"}, {"subject": "[PAD][PAD][PAD][PAD][PAD][PAD][PAD][PAD][PAD][PAD][PAD][PAD][PAD]", "relation": "发育", "object": "蚀变杏仁状玄武岩"}, {"subject": "[PAD][PAD][PAD][PAD][PAD][PAD][PAD][PAD]", "relation": "分布形态", "object": "蚀变杏仁状玄武岩"}, {"subject": "[PAD][PAD][PAD][PAD][PAD][PAD][PAD][PAD][PAD][PAD][PAD][PAD]", "relation": "分布形态", "object": "蚀变杏仁状玄武岩"}, {"subject": "[PAD][PAD][PAD][PAD]", "relation": "发育", "object": "[PAD][PAD][PAD]"}, {"subject": "[PAD][PAD][PAD][PAD][PAD][PAD][PAD][PAD][PAD][PAD][PAD][PAD]", "relation": "发育", "object": "蚀变杏仁状玄武岩"}, {"subject": "杏仁构造", "relation": "发育", "object": "[PAD][PAD][PAD]"}, {"subject": "[PAD][PAD][PAD][PAD][PAD][PAD][PAD][PAD][PAD][PAD][PAD][PAD][PAD][PAD]", "relation": "分布形态", "object": "蚀变杏仁状玄武岩"}, {"subject": "[PAD][PAD][PAD][PAD][PAD][PAD][PAD][PAD][PAD][PAD]", "relation": "发育", "object": "[PAD][PAD][PAD][PAD][PAD][PAD]"}, {"subject": "[PAD][PAD][PAD][PAD]", "relation": "发育", "object": "蚀变杏仁状玄武岩"}, {"subject": "杏仁构造", "relation": "发育", "object": "蚀变杏仁状玄武岩"}, {"subject": "[PAD][PAD][PAD][PAD][PAD][PAD][PAD][PAD][PAD][PAD][PAD][PAD][PAD][PAD]", "relation": "发育", "object": "蚀变杏仁状玄武岩"}, {"subject": "显微嵌晶含长结构", "relation": "分布形态", "object": "[PAD][PAD][PAD]"}], "new": [{"subject": "[PAD][PAD][PAD][PAD][PAD][PAD][PAD][PAD][PAD][PAD]", "relation": "发育", "object": "[PAD][PAD][PAD]"}, {"subject": "[PAD][PAD][PAD][PAD][PAD][PAD][PAD][PAD][PAD][PAD]", "relation": "发育", "object": "蚀变杏仁状玄武岩"}, {"subject": "[PAD][PAD][PAD][PAD][PAD][PAD][PAD][PAD][PAD][PAD][PAD][PAD][PAD][PAD][PAD]", "relation": "发育", "object": "蚀变杏仁状玄武岩"}, {"subject": "[PAD][PAD][PAD][PAD][PAD][PAD][PAD][PAD][PAD][PAD][PAD][PAD][PAD]", "relation": "发育", "object": "蚀变杏仁状玄武岩"}, {"subject": "[PAD][PAD][PAD][PAD][PAD][PAD][PAD][PAD]", "relation": "分布形态", "object": "蚀变杏仁状玄武岩"}, {"subject": "杏仁构造", "relation": "发育", "object": "[PAD][PAD][PAD]"}, {"subject": "[PAD][PAD][PAD][PAD]", "relation": "发育", "object": "蚀变杏仁状玄武岩"}, {"subject": "[PAD][PAD][PAD][PAD][PAD][PAD][PAD][PAD][PAD][PAD][PAD][PAD][PAD][PAD]", "relation": "发育", "object": "蚀变杏仁状玄武岩"}, {"subject": "[PAD][PAD][PAD][PAD][PAD][PAD][PAD][PAD][PAD][PAD][PAD][PAD]", "relation": "分布形态", "object": "蚀变杏仁状玄武岩"}, {"subject": "[PAD][PAD][PAD][PAD][PAD][PAD][PAD][PAD][PAD][PAD][PAD][PAD]", "relation": "发育", "object": "蚀变杏仁状玄武岩"}, {"subject": "[PAD][PAD][PAD][PAD]", "relation": "发育", "object": "[PAD][PAD][PAD]"}, {"subject": "[PAD][PAD][PAD][PAD][PAD][PAD][PAD][PAD][PAD][PAD][PAD][PAD][PAD][PAD]", "relation": "分布形态", "object": "蚀变杏仁状玄武岩"}, {"subject": "[PAD][PAD][PAD][PAD][PAD][PAD][PAD][PAD][PAD][PAD]", "relation": "发育", "object": "[PAD][PAD][PAD][PAD][PAD][PAD]"}, {"subject": "显微嵌晶含长结构", "relation": "分布形态", "object": "[PAD][PAD][PAD]"}], "lack": []}
