{
  "0": "岩性",
  "1": "古生物",
  "2": "整合接触",
  "3": "出露于",
  "4": "面积",
  "5": "厚度",
  "6": "假整合接触",
  "7": "含有",
  "8": "分布形态",
  "9": "所属年代",
  "10": "属于",
  "11": "断层接触",
  "12": "大地构造位置",
  "13": "发育",
  "14": "地层区划",
  "15": "出露地层",
  "16": "行政区划",
  "17": "不整合接触",
  "18": "吞噬",
  "19": "坐标",
  "20": "海拔",
  "21": "位于",
  "22": "长度",
  "23": "侵入"
}


{'岩性': 1929,
  '古生物': 1149,
  '整合接触': 220,
  '出露于': 456,
  '面积': 165,
  '厚度': 1329,
  '假整合接触': 30,
  '含有': 390,
  '分布形态': 305,
  '所属年代': 165,
  '属于': 171,
  '断层接触': 73,
  '大地构造位置': 38,
  '发育': 555,
  '地层区划': 54,
  '出露地层': 315,
  '行政区划': 11,
  '不整合接触': 119,
  '吞噬': 1,
  '坐标': 92,
  '海拔': 37,
  '位于': 98,
  '长度': 12,
  '侵入': 22
}
