{"triple_list_gold": [{"subject": "Classopollis sp.", "relation": "古生物", "object": "灰黑色泥岩夹灰黄色薄－中层细粒长石石英砂岩和细粒石英砂岩"}, {"subject": "Pterisisporites medirhaptes Li", "relation": "古生物", "object": "灰黑色泥岩夹灰黄色薄－中层细粒长石石英砂岩和细粒石英砂岩"}, {"subject": "Dicheiropollis sp.", "relation": "古生物", "object": "灰黑色泥岩夹灰黄色薄－中层细粒长石石英砂岩和细粒石英砂岩"}, {"subject": "孢粉 Leiotriletes rombodeus Bolchovitina", "relation": "古生物", "object": "灰黑色泥岩夹灰黄色薄－中层细粒长石石英砂岩和细粒石英砂岩"}], "triple_list_pred": [{"subject": "孢粉[UNK]rombodeus[UNK]", "relation": "古生物", "object": "灰黑色泥岩夹灰黄色薄－中层细粒长石石英砂岩和细粒石英砂岩"}, {"subject": "[UNK]medirhaptes[UNK]", "relation": "古生物", "object": "灰黑色泥岩夹灰黄色薄－中层细粒长石石英砂岩和细粒石英砂岩"}, {"subject": "[UNK]sp.", "relation": "古生物", "object": "灰黑色泥岩夹灰黄色薄－中层细粒长石石英砂岩和细粒石英砂岩"}, {"subject": "[UNK]sp.[SEP][PAD][PAD][PAD][PAD][PAD][PAD][PAD][PAD][PAD][PAD][PAD][PAD][PAD][PAD][PAD][PAD][PAD][PAD][PAD][PAD][PAD][PAD][PAD][PAD][PAD][PAD][PAD][PAD][PAD][PAD][PAD][PAD][PAD][PAD][PAD][PAD][PAD][PAD][PAD][PAD]", "relation": "古生物", "object": "灰黑色泥岩夹灰黄色薄－中层细粒长石石英砂岩和细粒石英砂岩"}], "new": [{"subject": "孢粉[UNK]rombodeus[UNK]", "relation": "古生物", "object": "灰黑色泥岩夹灰黄色薄－中层细粒长石石英砂岩和细粒石英砂岩"}, {"subject": "[UNK]medirhaptes[UNK]", "relation": "古生物", "object": "灰黑色泥岩夹灰黄色薄－中层细粒长石石英砂岩和细粒石英砂岩"}, {"subject": "[UNK]sp.", "relation": "古生物", "object": "灰黑色泥岩夹灰黄色薄－中层细粒长石石英砂岩和细粒石英砂岩"}, {"subject": "[UNK]sp.[SEP][PAD][PAD][PAD][PAD][PAD][PAD][PAD][PAD][PAD][PAD][PAD][PAD][PAD][PAD][PAD][PAD][PAD][PAD][PAD][PAD][PAD][PAD][PAD][PAD][PAD][PAD][PAD][PAD][PAD][PAD][PAD][PAD][PAD][PAD][PAD][PAD][PAD][PAD][PAD][PAD]", "relation": "古生物", "object": "灰黑色泥岩夹灰黄色薄－中层细粒长石石英砂岩和细粒石英砂岩"}], "lack": [{"subject": "Classopollis sp.", "relation": "古生物", "object": "灰黑色泥岩夹灰黄色薄－中层细粒长石石英砂岩和细粒石英砂岩"}, {"subject": "Pterisisporites medirhaptes Li", "relation": "古生物", "object": "灰黑色泥岩夹灰黄色薄－中层细粒长石石英砂岩和细粒石英砂岩"}, {"subject": "Dicheiropollis sp.", "relation": "古生物", "object": "灰黑色泥岩夹灰黄色薄－中层细粒长石石英砂岩和细粒石英砂岩"}, {"subject": "孢粉 Leiotriletes rombodeus Bolchovitina", "relation": "古生物", "object": "灰黑色泥岩夹灰黄色薄－中层细粒长石石英砂岩和细粒石英砂岩"}]}
