{"triple_list_gold": [{"subject": "轩辕剑之天之痕", "relation": "主演", "object": "古力娜扎"}, {"subject": "轩辕剑之天之痕", "relation": "主演", "object": "刘诗诗"}, {"subject": "轩辕剑之天之痕", "relation": "主演", "object": "胡歌"}, {"subject": "轩辕剑之天之痕", "relation": "主演", "object": "唐嫣"}], "triple_list_pred": [{"subject": "轩辕剑之天之痕", "relation": "主演", "object": "[PAD][PAD][PAD][PAD][PAD][PAD]"}, {"subject": "轩辕剑之天之痕", "relation": "主演", "object": "胡歌"}, {"subject": "轩辕剑之天之痕", "relation": "主演", "object": "[PAD][PAD][PAD][PAD][PAD][PAD][PAD]"}, {"subject": "轩辕剑之天之痕", "relation": "主演", "object": "刘诗诗唐嫣等人合作的《轩辕剑之天之痕》中的小雪一角出道[SEP][PAD][PAD][PAD][PAD][PAD][PAD][PAD][PAD][PAD][PAD][PAD][PAD][PAD][PAD][PAD][PAD][PAD][PAD][PAD][PAD][PAD][PAD][PAD][PAD][PAD][PAD][PAD][PAD][PAD][PAD][PAD][PAD][PAD][PAD][PAD][PAD][PAD][PAD][PAD][PAD][PAD][PAD][PAD][PAD][PAD][PAD][PAD][PAD][PAD][PAD][PAD][PAD][PAD][PAD][PAD][PAD][PAD][PAD][PAD][PAD][PAD][PAD][PAD][PAD][PAD][PAD][PAD][PAD][PAD][PAD][PAD][PAD][PAD][PAD][PAD][PAD][PAD][PAD][PAD][PAD][PAD][PAD][PAD][PAD][PAD][PAD][PAD][PAD][PAD][PAD][PAD][PAD][PAD][PAD][PAD][PAD][PAD][PAD][PAD][PAD][PAD][PAD][PAD][PAD][PAD][PAD][PAD][PAD][PAD][PAD][PAD][PAD][PAD][PAD][PAD][PAD][PAD][PAD][PAD][PAD][PAD][PAD][PAD][PAD][PAD][PAD][PAD][PAD][PAD][PAD][PAD][PAD][PAD][PAD][PAD][PAD][PAD][PAD][PAD][PAD][PAD][PAD][PAD][PAD][PAD][PAD][PAD][PAD][PAD][PAD]"}, {"subject": "轩辕剑之天之痕", "relation": "主演", "object": "古力娜扎"}], "new": [{"subject": "轩辕剑之天之痕", "relation": "主演", "object": "[PAD][PAD][PAD][PAD][PAD][PAD][PAD]"}, {"subject": "轩辕剑之天之痕", "relation": "主演", "object": "[PAD][PAD][PAD][PAD][PAD][PAD]"}, {"subject": "轩辕剑之天之痕", "relation": "主演", "object": "刘诗诗唐嫣等人合作的《轩辕剑之天之痕》中的小雪一角出道[SEP][PAD][PAD][PAD][PAD][PAD][PAD][PAD][PAD][PAD][PAD][PAD][PAD][PAD][PAD][PAD][PAD][PAD][PAD][PAD][PAD][PAD][PAD][PAD][PAD][PAD][PAD][PAD][PAD][PAD][PAD][PAD][PAD][PAD][PAD][PAD][PAD][PAD][PAD][PAD][PAD][PAD][PAD][PAD][PAD][PAD][PAD][PAD][PAD][PAD][PAD][PAD][PAD][PAD][PAD][PAD][PAD][PAD][PAD][PAD][PAD][PAD][PAD][PAD][PAD][PAD][PAD][PAD][PAD][PAD][PAD][PAD][PAD][PAD][PAD][PAD][PAD][PAD][PAD][PAD][PAD][PAD][PAD][PAD][PAD][PAD][PAD][PAD][PAD][PAD][PAD][PAD][PAD][PAD][PAD][PAD][PAD][PAD][PAD][PAD][PAD][PAD][PAD][PAD][PAD][PAD][PAD][PAD][PAD][PAD][PAD][PAD][PAD][PAD][PAD][PAD][PAD][PAD][PAD][PAD][PAD][PAD][PAD][PAD][PAD][PAD][PAD][PAD][PAD][PAD][PAD][PAD][PAD][PAD][PAD][PAD][PAD][PAD][PAD][PAD][PAD][PAD][PAD][PAD][PAD][PAD][PAD][PAD][PAD][PAD][PAD]"}], "lack": [{"subject": "轩辕剑之天之痕", "relation": "主演", "object": "刘诗诗"}, {"subject": "轩辕剑之天之痕", "relation": "主演", "object": "唐嫣"}]}
