{"triple_list_gold": [{"subject": "斜长石黝帘石", "relation": "含有", "object": "熔岩"}, {"subject": "阳起石", "relation": "含有", "object": "熔岩"}, {"subject": "石英绿泥石", "relation": "含有", "object": "熔岩"}, {"subject": "斜长石", "relation": "含有", "object": "熔岩"}, {"subject": "钛磁铁矿", "relation": "含有", "object": "熔岩"}, {"subject": "石英细脉", "relation": "含有", "object": "熔岩"}], "triple_list_pred": [{"subject": "阳起石", "relation": "含有", "object": "熔岩"}, {"subject": "斜长石", "relation": "含有", "object": "熔岩"}, {"subject": "石英绿泥石", "relation": "含有", "object": "熔岩"}, {"subject": "钛磁铁矿", "relation": "含有", "object": "熔岩"}, {"subject": "石英细脉", "relation": "含有", "object": "熔岩"}], "new": [], "lack": [{"subject": "斜长石黝帘石", "relation": "含有", "object": "熔岩"}]}
