{
  "0": "岩性",
  "1": "古生物",
  "2": "整合接触",
  "3": "出露于",
  "4": "面积",
  "5": "厚度",
  "6": "假整合接触",
  "7": "含有",
  "8": "分布形态",
  "9": "所属年代",
  "10": "属于",
  "11": "断层接触",
  "12": "大地构造位置",
  "13": "发育",
  "14": "地层区划",
  "15": "出露地层",
  "16": "行政区划",
  "17": "不整合接触",
  "18": "吞噬",
  "19": "坐标",
  "20": "海拔",
  "21": "位于",
  "22": "长度",
  "23": "侵入"
}